news_id,member_id,headline,source,date,url,raw_text,sort_order,extraction_source,strict_extracted,permissive_extracted,permissive_only
news_211463751f,mem_9f51021d60,Eight UCalgary researchers appointed new Canada Research Chairs,ucalgary.ca,2024,https://ucalgary.ca/news/eight-ucalgary-researchers-appointed-new-canada-research-chairs,Eight UCalgary researchers appointed new Canada Research Chairs . (2024),0,both,yes,yes,no
news_6803c30273,mem_41979986b6,Ontarians wagering far more on legal online casino games than on sports betting,www.cbc.ca,2023,https://www.cbc.ca/news/business/ontario-online-gaming-wagers-sports-casino-1.6911479,Ontarians wagering far more on legal online casino games than on sports betting . CBC News. (2023),0,both,yes,yes,no
news_9d827eeccf,mem_41979986b6,Are sports betting ads getting out of control in Canada? Experts weigh in,www.ctvnews.ca,2023,https://www.ctvnews.ca/sports/are-sports-betting-ads-getting-out-of-control-in-canada-experts-weigh-in-1.6399493,Are sports betting ads getting out of control in Canada? Experts weigh in . CTV News. (2023),1,both,yes,yes,no
news_03a0607bf7,mem_41979986b6,"Reopening post-pandemic could trigger Canadian battling addiction, experts warn",globalnews.ca,2021,https://globalnews.ca/news/8030513/reopening-post-covid-addictions-mental-health/,"Reopening post-pandemic could trigger Canadian battling addiction, experts warn . Global News. (2021)",2,both,yes,yes,no
news_ba2188b8c6,mem_3e0ef14a60,New Wood's Homes Research Chair in Children's Mental Health builds bridges to front lines,www.ucalgary.ca,2017,https://www.ucalgary.ca/utoday/issue/2017-05-19/new-woods-homes-research-chair-childrens-mental-heal,New Wood's Homes Research Chair in Children's Mental Health builds bridges to front lines . UToday. (2017),0,both,yes,yes,no
news_e5c514a19f,mem_3e0ef14a60,"Mistakes are Inevitable, Not Irreparable",taylorinstitute.ucalgary.ca,2024,https://taylorinstitute.ucalgary.ca/news/mistakes-are-inevitable-not-irreparable-one-educator-using-simulation-and-role-play-classroom,"Mistakes are Inevitable, Not Irreparable . UToday. (2024)",1,both,yes,yes,no
news_078f5e6d99,mem_0aa82264fe,Eight UCalgary researchers appointed new Canada Research Chairs,ucalgary.ca,2024,https://ucalgary.ca/news/eight-ucalgary-researchers-appointed-new-canada-research-chairs,Eight UCalgary researchers appointed new Canada Research Chairs . (2024),0,both,yes,yes,no
news_b42bec998e,mem_78b75777c4,Program media,cumming.ucalgary.ca,,https://cumming.ucalgary.ca/research/perinatal-stroke/news,Program media .,0,both,yes,yes,no
news_28b6cfdcd5,mem_c6790bf1f8,"‘Mommy Brain’ Is Not a Thing, Say Scientists",www.newsmax.com,2023,https://www.newsmax.com/health/health-news/mommy-brain-pregnancy-mothers/2023/02/08/id/1107838/,"‘Mommy Brain’ Is Not a Thing, Say Scientists . Newsmax. (2023)",0,both,yes,yes,no
news_1997b42892,mem_c6790bf1f8,The Science of “Mom Brain”,www.newmommymedia.com,2022,https://www.newmommymedia.com/episode/the-science-of-mom-brain/,"The Science of “Mom Brain” . ""Newbies: New Moms, New Babies"", New Mommy Media. (2022)",1,both,yes,yes,no
news_46bf28804c,mem_c6790bf1f8,Mommy Brain’ Is Real,www.nytimes.com,2021,https://www.nytimes.com/2021/07/14/parenting/mom-brain-forgetfulness-science.html,Mommy Brain’ Is Real . The New York Times. (2021),2,both,yes,yes,no
news_53e92a7d44,mem_c6790bf1f8,The Science Behind Workplace Stress,bc.ctvnews.ca,2021,https://bc.ctvnews.ca/video?clipId=2156106,The Science Behind Workplace Stress . CTV Her Health segment. (2021),3,both,yes,yes,no
news_e6e3600ef2,mem_92fd45a247,Microneedle Method Demonstrated at University of Calgary,calgary.ctvnews.ca,2023,https://calgary.ctvnews.ca/yahoo-calgary-researchers-demonstrate-micro-needle-method-with-stampede-style-1.6480669,Microneedle Method Demonstrated at University of Calgary . CTV Nightly News. (2023),0,both,yes,yes,no
news_e92c457133,mem_92fd45a247,"UCalgary researchers aim to stop or prevent epileptic seizures. uToday, University of Calgary campus wide. (2021)",,2021,,"UCalgary researchers aim to stop or prevent epileptic seizures. uToday, University of Calgary campus wide. (2021)",1,both,yes,yes,no
news_1a5b388c4f,mem_92fd45a247,Tiny 'YAHOO' sign highlights unique laser technology at University of Calgary. CTV Nightly News. (2019),,2019,,Tiny 'YAHOO' sign highlights unique laser technology at University of Calgary. CTV Nightly News. (2019),2,both,yes,yes,no
news_51f085eca6,mem_92fd45a247,"Spin out company developed from University research. uToday, University of Calgary campus wide. (2018)",,2018,,"Spin out company developed from University research. uToday, University of Calgary campus wide. (2018)",3,both,yes,yes,no
news_e192d610d4,mem_92fd45a247,Cleanrooms. CTV Nightly News. (2017),,2017,,Cleanrooms. CTV Nightly News. (2017),4,both,yes,yes,no
news_c88dcfc3d6,mem_92fd45a247,Brain Machine interfaces. CTV Nightly News. (2016),,2016,,Brain Machine interfaces. CTV Nightly News. (2016),5,both,yes,yes,no
news_296674322c,mem_92fd45a247,TENET i2c team wows judges with monitoring platform to measure brain activity,schulich.ucalgary.ca,2018,https://schulich.ucalgary.ca/news/tenet-i2c-team-wows-judges-monitoring-platform-measure-brain-activity,"TENET i2c team wows judges with monitoring platform to measure brain activity . Schulich School of Engineering, Campus Wide. (2018)",6,both,yes,yes,no
news_53a1e64942,mem_5e831960ba,Innovator Educator Video Series,taylorinstitute.ucalgary.ca,2023,https://taylorinstitute.ucalgary.ca/news/new-video-series-captures-innovation-teaching-and-learning,Innovator Educator Video Series . (2023),0,both,yes,yes,no
news_89a4cc0462,mem_3f1cca7ee5,A Problematic Escape: The Interaction Between Smoking and Gambling. The Brief Addiction Science Information Resource (BASIS). (2017),,2017,,A Problematic Escape: The Interaction Between Smoking and Gambling. The Brief Addiction Science Information Resource (BASIS). (2017),0,both,yes,yes,no
news_a9227494bb,mem_c98befafc2,Transdiagnostic Cognitive Behavioural Therapies for Youth with David Lindenbach,podcasts.apple.com,2026,https://podcasts.apple.com/us/podcast/ava-conversations-transdiagnostic-cognitive-behavioural/id1798591077?i=1000743568454,Transdiagnostic Cognitive Behavioural Therapies for Youth with David Lindenbach . HERHealth Podcast. (2026),0,both,yes,yes,no
news_1b00143f9a,mem_c9fd274cf3,Renewed Funding for Cross-Provincial Chair in Women's Mental Health,www.royalalex.org,2021,https://www.royalalex.org/our-stories/post/renewed-funding-cross-provincial-chair-in-women-s-mental-research-chair,Renewed Funding for Cross-Provincial Chair in Women's Mental Health . Royal Alexandra Foundation Website. (2021),0,both,yes,yes,no
news_35a0fe30b2,mem_c9fd274cf3,Finding the Fractures in Women's health,www.albertawomenshealthfoundation.org,2022,https://www.albertawomenshealthfoundation.org/our-impact,Finding the Fractures in Women's health . Alberta Women's Health Foundation. (2022),1,both,yes,yes,no
news_77503c20ad,mem_c9fd274cf3,Less than four percent of women receive help they need,www.ucalgary.ca,2018,https://www.ucalgary.ca/news/increasing-less-four-cent-women-who-currently-receive-any-kind-pre-natal-mental-health-care,Less than four percent of women receive help they need . University of Calgary website. (2018),2,both,yes,yes,no
news_d20bdf2534,mem_c9fd274cf3,"10th Annual Shopper's Run for women, Edmonton",www.royalalex.org,2022,https://www.royalalex.org/our-stories/post/announcing-the-10th-annual-run-for-women-2022,"10th Annual Shopper's Run for women, Edmonton . Royal Alex.org. (2022)",3,both,yes,yes,no
news_8ae3e278ee,mem_32edff8f29,University of Calgary professor giving a voice to people with non-verbal autism,www.ctvnews.ca,,https://www.ctvnews.ca/calgary/article/university-of-calgary-professor-giving-a-voice-to-people-with-nonverbal-autism/,University of Calgary professor giving a voice to people with non-verbal autism . CTV News Calgary.,0,both,yes,yes,no
news_967729ac03,mem_32edff8f29,The Quest to Ensure Nonspeaking Autistic People Are Heard,spectrum.ieee.org,2025,https://spectrum.ieee.org/nonverbal-autism,The Quest to Ensure Nonspeaking Autistic People Are Heard . IEE Spectrum. (2025),1,both,yes,yes,no
news_a60d070e73,mem_32edff8f29,ETHEREAL research group develops augmented reality programs for non-speaking autistic individuals,thegauntlet.ca,2025,https://thegauntlet.ca/2025/01/19/ethereal-research-group-develops-augmented-reality-programs-for-non-speaking-autistic-individuals/,ETHEREAL research group develops augmented reality programs for non-speaking autistic individuals . The Gauntlet Publication Society. (2025),2,both,yes,yes,no
news_ca2c270b45,mem_32edff8f29,Schulich Connects panel focuses on inclusivity through tech for neurodiverse people,ucalgary.ca,2024,https://ucalgary.ca/news/schulich-connects-panel-focuses-inclusivity-through-tech-neurodiverse-people,Schulich Connects panel focuses on inclusivity through tech for neurodiverse people . UToday. (2024),3,both,yes,yes,no
news_921a1db788,mem_32edff8f29,Augmented reality technology helps non-speaking autistic population find their voice,www.ucalgary.ca,2023,https://www.ucalgary.ca/news/augmented-reality-technology-helps-non-speaking-autistic-population-find-their-voice,Augmented reality technology helps non-speaking autistic population find their voice . UToday. (2023),4,both,yes,yes,no
news_9ad17cef3e,mem_32edff8f29,Myth-busting technology gives people with non-verbal autism a voice,taylorinstitute.ucalgary.ca,2022,https://taylorinstitute.ucalgary.ca/news/myth-busting-technology-gives-people-non-verbal-autism-voice,Myth-busting technology gives people with non-verbal autism a voice . UToday. (2022),5,both,yes,yes,no
news_f0917aba7d,mem_32edff8f29,UCalgary research to give voice to minimally verbal autistic population,schulich.ucalgary.ca,2021,https://schulich.ucalgary.ca/news/ucalgary-research-give-voice-minimally-verbal-autistic-population,UCalgary research to give voice to minimally verbal autistic population . UToday. (2021),6,both,yes,yes,no
news_3cf2528f6d,mem_06b710915b,"UCalgary mobilizes students, researchers and robots to help kids thrive",www.ucalgary.ca,2024,https://www.ucalgary.ca/news/ucalgary-mobilizes-students-researchers-and-robots-help-kids-thrive,"UCalgary mobilizes students, researchers and robots to help kids thrive . UToday. (2024)",0,both,yes,yes,no
news_dc7100f82f,mem_06b710915b,PONI Lab Robotic Walking,www.youtube.com,2024,https://www.youtube.com/watch?v=iNic0bwZpuI,PONI Lab Robotic Walking . YouTube. (2024),1,both,yes,yes,no
news_71e34caf2c,mem_06b710915b,Robotic walking increases mobility for kids,calgary.ctvnews.ca,2024,https://calgary.ctvnews.ca/video/c2860306-robotic-walking-increases-mobility-for-kids,Robotic walking increases mobility for kids . CTV Calgary. (2024),2,both,yes,yes,no
news_7abb25461a,mem_06b710915b,RESTORE Network Launch,calgaryherald.com,2023,https://calgaryherald.com/news/local-news/calgary-neurological-disorders-technology-and-therapies,RESTORE Network Launch . Calgary Herald. (2023),3,both,yes,yes,no
news_60f1614ff4,mem_06b710915b,Mom raises funds for 'robotic legs' for daughter with rare disease,calgaryherald.com,2023,https://calgaryherald.com/news/local-news/mom-raises-funds-robotic-legs-rare-disease,Mom raises funds for 'robotic legs' for daughter with rare disease . Calgary Herald. (2023),4,both,yes,yes,no
news_b304807ba5,mem_06b710915b,Steps Toward a Happier Future,www.ctvnews.ca,2022,https://www.ctvnews.ca/video?clipId=2576977&jwsource=cl,Steps Toward a Happier Future . CTV National. (2022),5,both,yes,yes,no
news_93c40d3dfd,mem_06b710915b,Danish team visits UCalgary to strengthen adaptive sport partnerships,ucalgary.ca,2018,https://ucalgary.ca/news/danish-team-visits-ucalgary-strengthen-adaptive-sport-partnerships?utm_source=UToday&utm_medium=Email&utm_campaign=February-15-2018&utm_term=Danish%2520team%2520visits%2520UCalgary%2520to%2520strengthen%2520adaptive%2520sport%2520partnerships,Danish team visits UCalgary to strengthen adaptive sport partnerships . UToday. (2018),6,both,yes,yes,no
news_b2faa891a4,mem_5357e9a762,People with Chronic Pain who Live with a Dog,calgaryherald.com,2018,http://calgaryherald.com/health/allford-looking-for-new-doggy-love-and-all-its-benefits,People with Chronic Pain who Live with a Dog . Calgary Herald. (2018),0,both,yes,yes,no
news_6d78d038b9,mem_a0bb31cffa,"Dr. Stahnisch was featured in a recent story on ""Marcelle Lapicque: A Forgotten Pioneer in Neuroscience""",www.youtube.com,2026,https://www.youtube.com/watch?v=5wAeyvKo1xg,"Dr. Stahnisch was featured in a recent story on ""Marcelle Lapicque: A Forgotten Pioneer in Neuroscience"" . The Transmitter. (2026)",0,both,yes,yes,no
news_800e106e39,mem_a0bb31cffa,"Dr. Frank W. Stahnisch presented to the Huntington Library and the Southern California Society for the History of Medicine in Los Angeles, CA",news.ucalgary.ca,2026,https://news.ucalgary.ca/news/great-minds-despair-forced-migration-german-speaking-neuroscientists-north-america,"Dr. Frank W. Stahnisch presented to the Huntington Library and the Southern California Society for the History of Medicine in Los Angeles, CA . University of Calgary News. (2026)",1,both,yes,yes,no
news_626f75bcc8,mem_a0bb31cffa,How a medical pioneer's cocaine addiction helped shape modern-day residency programs,www.cbc.ca,2026,https://www.cbc.ca/news/canada/calgary/medical-residency-programs-history-1.7578315,How a medical pioneer's cocaine addiction helped shape modern-day residency programs . Canadian Broadcasting Corporation -- CBC News. (2026),2,both,yes,yes,no
news_ef1ab10cef,mem_a0bb31cffa,"Dr. Frank W. Stahnisch gave a paper in the History of Psychiatry and Medicine Colloquium at Harvard University’s Countway Library, Boston, MA",news.ucalgary.ca,2025,https://news.ucalgary.ca/news/quest-holism-and-integration-healing-wellness-and-complementary-medicine-1870-2020,"Dr. Frank W. Stahnisch gave a paper in the History of Psychiatry and Medicine Colloquium at Harvard University’s Countway Library, Boston, MA . University of Calgary News. (2025)",3,both,yes,yes,no
news_303d90f7bb,mem_a0bb31cffa,University of Calgary | 2025 New RSC Fellows & College Members,www.youtube.com,2025,https://www.youtube.com/watch?v=g626L359FkU,University of Calgary | 2025 New RSC Fellows & College Members . The Royal Society of Canada. (2025),4,both,yes,yes,no
news_f8f8c24308,mem_a0bb31cffa,Frank W. Stahnisch recognized for work in history of neurosciences and medicine,www.myscience.ca,2025,https://www.myscience.ca/news/wire/frank_w_stahnisch_recognized_for_work_in_history_of_neurosciences_and_medicine-2025-ucalgary,Frank W. Stahnisch recognized for work in history of neurosciences and medicine . News.myScience. (2025),5,both,yes,yes,no
news_88ff091147,mem_a0bb31cffa,The Neuroscientists who Fled Nazi Germany with Frank Stahnisch,americancampuspodcast.buzzsprout.com,2025,https://americancampuspodcast.buzzsprout.com/2396665/episodes/17638837-the-neuroscientists-who-fled-nazi-germany-with-frank-stahnisch,The Neuroscientists who Fled Nazi Germany with Frank Stahnisch . American Campus Podcast. (2025),6,both,yes,yes,no
news_5f3ba16167,mem_a0bb31cffa,History of Medicine Days conference showcases student excellence,thegauntlet.ca,2025,https://thegauntlet.ca/2025/03/13/history-of-medicine-days-conference-showcases-student-excellence/,History of Medicine Days conference showcases student excellence . The Gauntlet. (2025),7,both,yes,yes,no
news_d4281d6f2c,mem_a0bb31cffa,Frank Stahnisch presents at the Max Planck Institute for the History of Science in Berlin,ucalgary.ca,2025,https://ucalgary.ca/news/frank-stahnisch-presents-max-planck-institute-history-science-berlin,Frank Stahnisch presents at the Max Planck Institute for the History of Science in Berlin . University of Calgary News. (2025),8,both,yes,yes,no
news_3ca9576b43,mem_a0bb31cffa,Dr. Frank W. Stahnisch gives paper at Harvard Medical School,arts.ucalgary.ca,2024,https://arts.ucalgary.ca/news/dr-frank-w-stahnisch-gives-paper-harvard-medical-school,Dr. Frank W. Stahnisch gives paper at Harvard Medical School . University of Calgary News. (2024),9,both,yes,yes,no
news_0df06395ad,mem_a0bb31cffa,"Frank W. Stahnisch, MD, MSc, PhD, is named a 2024 Honorary Fellow of the Royal College",news.royalcollege.ca,2024,https://news.royalcollege.ca/en/newsroom/posts/announcing-the-royal-college-s-2024-award-recipients-and-honorar.html,"Frank W. Stahnisch, MD, MSc, PhD, is named a 2024 Honorary Fellow of the Royal College . Royal College of Physicians and Surgeons of Canada. (2024)",10,both,yes,yes,no
news_65990bb30a,mem_a0bb31cffa,Dr. Frank W. Stahnisch presents at the Max Planck Institute for Psycholinguistics,arts.ucalgary.ca,2023,https://arts.ucalgary.ca/news/dr-frank-w-stahnisch-presents-max-planck-institute-psycholinguistics,Dr. Frank W. Stahnisch presents at the Max Planck Institute for Psycholinguistics . University of Calgary News. (2023),11,both,yes,yes,no
news_3ce3be0a8a,mem_a0bb31cffa,Frank Stahnisch presented to the Royal College of Psychiatrists in the UK,www.ucalgary.ca,2022,https://www.ucalgary.ca/news/frank-stahnisch-presented-royal-college-psychiatrists-uk,Frank Stahnisch presented to the Royal College of Psychiatrists in the UK . Royal College of Psychiatry (UK). (2022),12,both,yes,yes,no
news_5d13f7a707,mem_a0bb31cffa,UCalgary History's Frank W. Stahnisch receives book award,news.ucalgary.ca,2022,https://news.ucalgary.ca/news/ucalgary-historys-frank-w-stahnisch-receives-book-award,UCalgary History's Frank W. Stahnisch receives book award . University of Calgary News. (2022),13,both,yes,yes,no
news_29687129d5,mem_a0bb31cffa,Jason A. Hannah Medal - Medical historian Frank W. Stahnisch recognized by Royal Society of Canada,educationnewscanada.com,2021,https://educationnewscanada.com/article/education/level/university/1/918884/medical-historian-frank-w-stahnisch-recognized-by-royal-society-of-canada.html,Jason A. Hannah Medal - Medical historian Frank W. Stahnisch recognized by Royal Society of Canada . Education News Canada. (2021),14,both,yes,yes,no
news_9d02d65776,mem_98307ce526,Community partnership aims to enhance child wellness.,educationnewscanada.com,2024,https://educationnewscanada.com/article/education/region/alberta/30/1100928/community-partnership-aims-to-enhance-child-wellness.html,Community partnership aims to enhance child wellness. . Education News Today Canada. . (2024),0,both,yes,yes,no
news_1292b52295,mem_98307ce526,Academic success to support behavioral and mental health.,vancouverislandmentalhealthsociety.org,,https://vancouverislandmentalhealthsociety.org/podcast/academic-success-to-support-behavioral-and-mental-health/,Academic success to support behavioral and mental health. . Vancouver Island Mental Health Society. .,1,both,yes,yes,no
news_787b887d1d,mem_c4a9f6ea6f,Selected media,www.neurolab.ca,,https://www.neurolab.ca/media,Selected media .,0,both,yes,yes,no
news_1580757029,mem_92df5b400e,"Cuatro preguntas para Guillermo Delgado García, MD",www.brainandlife.org,2021,https://www.brainandlife.org/the-magazine/spanish/es-2021/primavera-2021/cuatro-preguntas-para-guillermo-delgado-garcia-md/,"Cuatro preguntas para Guillermo Delgado García, MD . Brain & Life en Español. (2021)",0,both,yes,yes,no
news_14ab412077,mem_92df5b400e,OMI Fellow Winner of the American Academy of Neurology Scientific Research Award 2021,www.openmedicalinstitute.org,2021,https://www.openmedicalinstitute.org/blog/2021/03/10/omi-fellow-winner-of-the-american-academy-of-neurology-scientific-research-award-2021/,OMI Fellow Winner of the American Academy of Neurology Scientific Research Award 2021 . Open Medical Institute. (2021),1,both,yes,yes,no
news_a070f19ff9,mem_f736a5948e,CWD vaccine delays illness in mice. JAVMA. (2019),,2019,,CWD vaccine delays illness in mice. JAVMA. (2019),0,both,yes,yes,no
news_edfdf42990,mem_f736a5948e,CWD,calgary.ctvnews.ca,2021,https://calgary.ctvnews.ca/alberta-uses-hunters-to-reduce-deer-numbers-in-effort-to-slow-spread-of-debilitating-disease-1.5550232,"CWD . CWD, CTV News, CTV. (2021)",1,both,yes,yes,no
news_147c985abc,mem_f736a5948e,"CWD. RealTalk Ryan Jespersen, RealTalk Ryan Jespersen. (2021)",,2021,,"CWD. RealTalk Ryan Jespersen, RealTalk Ryan Jespersen. (2021)",2,both,yes,yes,no
news_44322f8a03,mem_f736a5948e,BSE,ici.radio-canada.ca,2021,https://ici.radio-canada.ca/recit-numerique/2245/crise-vache-folle-covid-coronavirus,BSE . Radio Canada. (2021),3,both,yes,yes,no
news_81e402e237,mem_f736a5948e,"CWD. CBC Radio in Saskatchewan, CBC Radio in Saskatchewan. (2021)",,2021,,"CWD. CBC Radio in Saskatchewan, CBC Radio in Saskatchewan. (2021)",4,both,yes,yes,no
news_6cbb6cc507,mem_f736a5948e,"CWD. 660News Calgary, 660News Calgary. (2021)",,2021,,"CWD. 660News Calgary, 660News Calgary. (2021)",5,both,yes,yes,no
news_b7ad4bcd3b,mem_f736a5948e,"CWD. The Calgary Eyeopener, CBC Radio. (2021)",,2021,,"CWD. The Calgary Eyeopener, CBC Radio. (2021)",6,both,yes,yes,no
news_937af1e847,mem_f736a5948e,"CWD. 630 CHED in Edmonton, 630 CHED in Edmonton. (2021)",,2021,,"CWD. 630 CHED in Edmonton, 630 CHED in Edmonton. (2021)",7,both,yes,yes,no
news_ca53e378f6,mem_f736a5948e,"CWD. afternoon radio show (Radio Active), CBC. (2021)",,2021,,"CWD. afternoon radio show (Radio Active), CBC. (2021)",8,both,yes,yes,no
news_1116a50623,mem_f736a5948e,"CWD. EyeOpener, CTV News. (2021)",,2021,,"CWD. EyeOpener, CTV News. (2021)",9,both,yes,yes,no
news_d8366d3538,mem_f736a5948e,CWD,www.theglobeandmail.com,2021,https://www.theglobeandmail.com/canada/alberta/article-spreading-wildlife-disease-threatens-deer-elk-and-maybe-humans-new/,"CWD . The Globe and Mail, The Canadian Press. (2021)",10,both,yes,yes,no
news_39ccc9476a,mem_f736a5948e,New Brunswick cluster,thewalrus.ca,2021,https://thewalrus.ca/new-brunswicks-medical-mystery/,New Brunswick cluster . The Walrus . (2021),11,both,yes,yes,no
news_0d04474862,mem_f736a5948e,CWD. The Western Producer. (2021),,2021,,CWD. The Western Producer. (2021),12,both,yes,yes,no
news_587a68e725,mem_f736a5948e,"CWD. CWD, National Post. (2021)",,2021,,"CWD. CWD, National Post. (2021)",13,both,yes,yes,no
news_dbcb78d96e,mem_f736a5948e,CWD,www.cbc.ca,2021,https://www.cbc.ca/news/canada/edmonton/chronic-wasting-disease-threatens-deer-elk-and-maybe-humans-new-research-says-1.6104213,CWD . GlobalNews. (2021),14,both,yes,yes,no
news_a936cf3092,mem_f736a5948e,CWD vaccines,rdnewsnow.com,,https://rdnewsnow.com/2022/01/25/alberta-and-saskatchewan-fund-university-research-of-oral-vaccine-for-chronic-wasting-disease-cwd-in-wildlife/,CWD vaccines . RDNews.,15,both,yes,yes,no
news_368632653b,mem_f736a5948e,CWD vaccines,nationworldnews.com,2022,https://nationworldnews.com/alberta-and-saskatchewan-fund-university-research-of-oral-vaccine-for-chronic-wasting-disease-cwd-in-wildlife/,CWD vaccines . NationWorldNews. (2022),16,both,yes,yes,no
news_24347e5eca,mem_f736a5948e,CWD vaccines,www.producer.com,,https://www.producer.com/livestock/researchers-hope-to-reduce-spread-of-cwd/,CWD vaccines . Western Procucer.,17,both,yes,yes,no
news_e700000787,mem_f736a5948e,CWD may have ability to jump to humans,www.producer.com,2021,https://www.producer.com/news/cwd-may-have-ability-to-jump-to-humans/,CWD may have ability to jump to humans . Western Producer. (2021),18,both,yes,yes,no
news_8b2ec48ed7,mem_f736a5948e,CWD vaccines,ucalgary.ca,2021,https://ucalgary.ca/news/ucalgary-researchers-work-vaccine-against-fatal-infectious-disease-affecting-deer-and-potentially,CWD vaccines . UToday. (2021),19,both,yes,yes,no
news_f3d11728f9,mem_05a8774842,“UCalgary study on mental-illness stigma in health care is first of its kind”,ucalgary.ca,2021,https://ucalgary.ca/news/ucalgary-study-mental-illness-stigma-health-care-first-its-kind,“UCalgary study on mental-illness stigma in health care is first of its kind” . UToday. (2021),0,both,yes,yes,no
news_64e29078a0,mem_0bae7d82da,Discovery of adult dermal stem cells and their potential for restoration of hair growth.. Global. (2014),,2014,,Discovery of adult dermal stem cells and their potential for restoration of hair growth.. Global. (2014),0,both,yes,yes,no
news_ca4614fc99,mem_fe45b26c09,New study suggests Calgary's supervised consumption site saves taxpayers millions,calgary.ctvnews.ca,2022,https://calgary.ctvnews.ca/new-study-suggests-calgary-s-supervised-consumption-site-saves-taxpayers-millions-1.5880494,New study suggests Calgary's supervised consumption site saves taxpayers millions . CTV. (2022),0,both,yes,yes,no
news_e06747beb2,mem_fe45b26c09,Alberta’s new rules requiring health-care number at supervised injection sites will only exacerbate barriers to supports,www.theglobeandmail.com,2021,https://www.theglobeandmail.com/opinion/article-albertas-new-rules-requiring-id-at-supervised-injection-sites-will/,Alberta’s new rules requiring health-care number at supervised injection sites will only exacerbate barriers to supports . Globe and Mail. (2021),1,both,yes,yes,no
news_8b4844a94b,mem_37dd23d078,1 Stroke Happens Every 5 Minutes in Canada Heart and Stroke Study Shows,calgary.ctvnews.ca,2022,https://calgary.ctvnews.ca/1-stroke-happens-every-5-minutes-in-canada-heart-and-stroke-study-shows-1.6209307,1 Stroke Happens Every 5 Minutes in Canada Heart and Stroke Study Shows . CTV News Calgary. (2022),0,both,yes,yes,no
news_9bd99a3e87,mem_37dd23d078,Canadian study shows flu vaccine can help prevent stroke,globalnews.ca,2022,https://globalnews.ca/news/9246297/canadian-study-flu-vaccine-prevent-stroke/,Canadian study shows flu vaccine can help prevent stroke . Global News. (2022),1,both,yes,yes,no
news_6a2ecca9d6,mem_74bc2844fc,U of C initiative researches concussions and sports injuries in Alberta youth,calgary.ctvnews.ca,2021,https://calgary.ctvnews.ca/u-of-c-initiative-researches-concussions-and-sports-injuries-in-alberta-youth-1.5600529,U of C initiative researches concussions and sports injuries in Alberta youth . CTV News. (2021),0,both,yes,yes,no
news_5811937cab,mem_74bc2844fc,Branch Out Neurological Foundation and Brain Canada - Concussion Research Granr,braincanada.ca,2023,https://braincanada.ca/announcements/grant-to-accelerate-concussion-research/,Branch Out Neurological Foundation and Brain Canada - Concussion Research Granr . (2023),1,both,yes,yes,no
news_a3776e4d72,mem_01f8882e68,CIHR Institute of Aging and Alzheimer Society of Canada invest $1 million in future of dementia research,alzheimer.ca,2021,https://alzheimer.ca/en/whats-happening/news/cihr-institute-aging-alzheimer-society-canada-invest-1-million-future-dementia,CIHR Institute of Aging and Alzheimer Society of Canada invest $1 million in future of dementia research . (2021),0,both,yes,yes,no
news_03187d0809,mem_01f8882e68,"LTC homes must prioritize residents' mental health, treat disorders: standards group",www.ctvnews.ca,2024,https://www.ctvnews.ca/health/ltc-homes-must-prioritize-residents-mental-health-treat-disorders-standards-group-1.6974466,"LTC homes must prioritize residents' mental health, treat disorders: standards group . (2024)",1,both,yes,yes,no
news_a0643f95d4,mem_a3c1370499,Online course cuts through the fog of concussion,calgaryherald.com,2024,https://calgaryherald.com/news/local-news/ucalgary-faculty-of-kinesiology-in-collaboration-with-universite-laval-is-launching-an-updated-online-course-to-provide-education-about-concussions,Online course cuts through the fog of concussion . Calgary Herald. (2024),0,both,yes,yes,no
news_c17203d95f,mem_90269b0602,Gut microbiota and the endocannabinoid system,www.projectcbd.org,2020,https://www.projectcbd.org/wellness/gut-microbiota-endocannabinoid-system,Gut microbiota and the endocannabinoid system . (2020),0,both,yes,yes,no
news_e001baf581,mem_90269b0602,Microbiome discovery may open new doors to development of treatments for gastrointestinal diseases,ucalgary.ca,2021,https://ucalgary.ca/news/microbiome-discovery-may-open-new-doors-development-treatments-gastrointestinal-diseases?mkt_tok=MTYxLU9MTi05OTAAAAGAs_VQKfd7LQNTqtFgThjRQIGteNtlB9NRuB30XMZKddVpsn3nK8oAHi0ezq4A8d6nEgqQ-DdfYPtDKI3lJ90bfDm_zpm95_ZwxhpcEP0GGXfD,Microbiome discovery may open new doors to development of treatments for gastrointestinal diseases . (2021),1,both,yes,yes,no
news_b93375bb2e,mem_90269b0602,Gastrointestinal microbiota health linked to enteric nervous system,thegauntlet.ca,2022,https://thegauntlet.ca/2022/01/10/gastrointestinal-microbiota-health-linked-to-enteric-nervous-system/,Gastrointestinal microbiota health linked to enteric nervous system . (2022),2,both,yes,yes,no
news_6cb6578367,mem_414b7b0e40,Now Innovating: Supporting the Mental Health of First Responder Families,www.youtube.com,2024,https://www.youtube.com/watch?v=sOLWYvEG0KU&list=PLQYTr0P7HNUEI6AqLnpoC-mgzL1kUAHQg&index=3,Now Innovating: Supporting the Mental Health of First Responder Families . Now Innovating: A Research-to-Impact Series. (2024),0,both,yes,yes,no
news_f3fd8a7efb,mem_414b7b0e40,"Not as good as we want, not as bad as we’ve heard: Teen mental health during the COVID-19 pandemic",theconversation.com,2021,https://theconversation.com/not-as-good-as-we-want-not-as-bad-as-weve-heard-teen-mental-health-during-the-covid-19-pandemic-168727,"Not as good as we want, not as bad as we’ve heard: Teen mental health during the COVID-19 pandemic . Conversation Canada. (2021)",1,both,yes,yes,no
news_af6261f5b6,mem_414b7b0e40,The kids are (mostly) alright: Lessons learned in Calgary public schools during the pandemic,www.cbc.ca,2021,https://www.cbc.ca/news/canada/calgary/calgary-public-schools-lessons-covid-1.5951766,The kids are (mostly) alright: Lessons learned in Calgary public schools during the pandemic . CBC News. (2021),2,both,yes,yes,no
news_254e3c1983,mem_414b7b0e40,Students are more stressed about isolating than COVID-19 itself: survey,calgaryherald.com,2020,https://calgaryherald.com/news/local-news/students-are-more-stressed-about-isolating-than-covid-19-itself-survey,Students are more stressed about isolating than COVID-19 itself: survey . Calgary Herald. (2020),3,both,yes,yes,no
news_1ede50e339,mem_414b7b0e40,U of C study aims to create support program for families of first responders,globalnews.ca,2020,https://globalnews.ca/news/6913553/u-of-c-support-program-fist-responder-families/,U of C study aims to create support program for families of first responders . Global News. (2020),4,both,yes,yes,no
news_9f6cfcaba9,mem_05362065f8,the Body Project. 660 News. (2018),,2018,,the Body Project. 660 News. (2018),0,both,yes,yes,no
news_ea0747af86,mem_285408d323,PharmAla appoints Dr Leah Mayo to Scientific Advisory Board,ca.finance.yahoo.com,2022,https://ca.finance.yahoo.com/news/pharmala-appoints-dr-leah-mayo-130000333.html,PharmAla appoints Dr Leah Mayo to Scientific Advisory Board . Yahoo Finance. (2022),0,both,yes,yes,no
news_8abc45a468,mem_285408d323,University of Calgary recruits Canada's first research chair in psychedelics,calgaryherald.com,2022,https://calgaryherald.com/news/local-news/university-of-calgary-recruits-canadas-first-research-chair-in-psychedelics,University of Calgary recruits Canada's first research chair in psychedelics . Calgary Herald. (2022),1,both,yes,yes,no
news_1f9c9d9eac,mem_285408d323,Are psychedelics the future of mental health?,www.avenuecalgary.com,2022,https://www.avenuecalgary.com/innovation/psychedelics-mental-health-treatments/,Are psychedelics the future of mental health? . Avenue Magazine. (2022),2,both,yes,yes,no
news_10d2c9489b,mem_285408d323,"Not so high, not so fast",www.theglobeandmail.com,2023,https://www.theglobeandmail.com/canada/article-psychedelic-drugs-mental-illness-treatment/,"Not so high, not so fast . The Globe and Mail. (2023)",3,both,yes,yes,no
news_11f0059a92,mem_285408d323,"Research, remedy and regulation: the changing dynamics of psychedelic therapy in Alberta",www.cbc.ca,2022,https://www.cbc.ca/news/canada/edmonton/psychedelics-alberta-regulations-united-conservative-party-government-ketamine-psilocybin-mdma-1.6622674,"Research, remedy and regulation: the changing dynamics of psychedelic therapy in Alberta . CBC News. (2022)",4,both,yes,yes,no
news_ee07b58ab6,mem_ffc70c151e,Steps to help maintain a healthy brain easy to do,www.cbc.ca,2016,https://www.cbc.ca/news/canada/calgary/brain-health-dementia-1.3650245,Steps to help maintain a healthy brain easy to do . CBC. (2016),0,both,yes,yes,no
news_fbad422a83,mem_ffc70c151e,Why 'dementia villages' might be the future of care for people with Alzheimer's,www.cbc.ca,2017,https://www.cbc.ca/news/canada/calgary/dementia-village-alzheimers-alberta-calgary-gerontology-1.4024693,Why 'dementia villages' might be the future of care for people with Alzheimer's . CBC News. (2017),1,both,yes,yes,no
news_15f5b3b7c3,mem_d71eba52b6,Why You Should Be Thinking About Healthy Aging Now,www.avenuecalgary.com,2021,https://www.avenuecalgary.com/city-life/why-you-should-be-thinking-about-healthy-aging-now/?mkt_tok=MTYxLU9MTi05OTAAAAF9zg7KkXsMKshkFpuvZglVuimZ9tycVILbOVyf8q5SEVlBi0-4JgOJ2hbD8qHaIyiAZAIVzii4hNMZiq-R6eY7dPI1dCqxNw0UKZnyQB5k_YBNqA,Why You Should Be Thinking About Healthy Aging Now . Avenue Magazine. (2021),0,both,yes,yes,no
news_7fabafb45d,mem_d71eba52b6,"Boosting your brain’s health; Being active, good nutrition and proper sleep can combat the effects of cognitive aging",calgaryherald.com,2021,https://calgaryherald.com/special-sections/encore-lifestyles/boosting-your-brains-health,"Boosting your brain’s health; Being active, good nutrition and proper sleep can combat the effects of cognitive aging . Calgary Herald. (2021)",1,both,yes,yes,no
news_a7b1929bae,mem_d71eba52b6,Exercise can make the brain function at a level five years younger: U of C researchers,calgary.ctvnews.ca,2020,https://calgary.ctvnews.ca/exercise-can-make-the-brain-function-at-a-level-five-years-younger-u-of-c-researchers-1.4941171,Exercise can make the brain function at a level five years younger: U of C researchers . CTV news Calgary. (2020),2,both,yes,yes,no
news_a39b8b553c,mem_d71eba52b6,"Resurgence of aerobics and exercise during 2020 and the pandemic. In Press, LA TIMES. Author Ilana Kaplan.",,2020,,"Resurgence of aerobics and exercise during 2020 and the pandemic. In Press, LA TIMES. Author Ilana Kaplan.",3,both,yes,yes,no
news_61fa85c043,mem_d71eba52b6,How aerobic exercise helps us to keep out wits about us as we age; University of Calgary study shows it’s never too late to see the brain benefits from regular exercise,www.ucalgary.ca,2020,https://www.ucalgary.ca/news/how-aerobic-exercise-helps-us-keep-our-wits-about-us-we-age,"How aerobic exercise helps us to keep out wits about us as we age; University of Calgary study shows it’s never too late to see the brain benefits from regular exercise . UCalgary News, O’Brien Institute for Public Health. (2020)",4,both,yes,yes,no
news_bebfd0ff3d,mem_d71eba52b6,University of Calgary research reveals complexity of relationship between exercise and cognitive health,thegauntlet.ca,2017,https://thegauntlet.ca/2017/11/03/university-of-calgary-research-reveals-complexity-of-relationship-between-exercise-and-cognitive-health/,University of Calgary research reveals complexity of relationship between exercise and cognitive health . The Gauntlet Magazine. (2017),5,both,yes,yes,no
news_60c67b4a4a,mem_d71eba52b6,"Leading the Way, University of Calgary Researchers Dr. Eric Smith and Dr. Marc Poulin are on the forefront of early dementia diagnosis and prevention",issuu.com,2017,https://issuu.com/redpointmedia/docs/dementia_connections_fall_2017_-_di,"Leading the Way, University of Calgary Researchers Dr. Eric Smith and Dr. Marc Poulin are on the forefront of early dementia diagnosis and prevention . pp 20-23, Dementia Connections Magazine. (2017)",6,both,yes,yes,no
news_5a784e72ca,mem_d71eba52b6,Brain In Motion Study aims to advance knowledge of relationship between exercise and brain health. Cumming School of Medicine News Digest. (2017),,2017,,Brain In Motion Study aims to advance knowledge of relationship between exercise and brain health. Cumming School of Medicine News Digest. (2017),7,both,yes,yes,no
news_cd452bb67b,mem_d71eba52b6,Do you know how to keep your brain healthy?,www.canadianliving.com,2017,https://www.canadianliving.com/health/prevention-and-recovery/article/do-you-know-how-to-keep-your-brain-healthy,Do you know how to keep your brain healthy? . Canadian Living Magazine. (2017),8,both,yes,yes,no
news_4dff60e77e,mem_d71eba52b6,Seven Healthy Habits Through the Ages; Healthy Habit for Your 60s Train the Brain,alumni.ucalgary.ca,2017,https://alumni.ucalgary.ca/sites/default/files/2018-08/2017%20Spring-Summer.pdf,"Seven Healthy Habits Through the Ages; Healthy Habit for Your 60s Train the Brain . p 28, UCalgary Alumni Magazine. (2017)",9,both,yes,yes,no
news_e27799504c,mem_d71eba52b6,"Brain Health and the role of exercise on the aging brain. Morning North with Barry Mercer, CBC Radio Canada. (2014)",,2014,,"Brain Health and the role of exercise on the aging brain. Morning North with Barry Mercer, CBC Radio Canada. (2014)",10,both,yes,yes,no
news_d515cfcf02,mem_d71eba52b6,"Brain Health and the role of exercise on the aging brain. Afternoon Road Show, CBC Radio Canada. (2014)",,2014,,"Brain Health and the role of exercise on the aging brain. Afternoon Road Show, CBC Radio Canada. (2014)",11,both,yes,yes,no
news_b6886ff609,mem_d71eba52b6,A primer on the highs and lows of altitude training,www.theglobeandmail.com,2013,https://www.theglobeandmail.com/life/health-and-fitness/fitness/a-primer-on-the-highs-and-lows-of-altitude-training/article13044679/,A primer on the highs and lows of altitude training . Globe and Mail. (2013),12,both,yes,yes,no
news_fe22a048c7,mem_d71eba52b6,U of Calgary seeks brain study volunteers,www.cbc.ca,2011,https://www.cbc.ca/news/canada/calgary/u-of-calgary-seeks-brain-study-volunteers-1.1062942,U of Calgary seeks brain study volunteers . CBC (Canadian Broadcasting Corporation). (2011),13,both,yes,yes,no
news_cf53920d15,mem_4393bff7a6,Staying physically active and socially connected a challenge for Calgarians over 65,news.ucalgary.ca,2021,https://news.ucalgary.ca/news/staying-physically-active-and-socially-connected-challenge-calgarians-over-65,Staying physically active and socially connected a challenge for Calgarians over 65 . UToday. (2021),0,both,yes,yes,no
news_ba4526c120,mem_4393bff7a6,"What social supports keep older adults physically active, researcher wants to know",ucalgary.ca,2018,https://ucalgary.ca/news/what-social-supports-keep-older-adults-physically-active-researcher-wants-know,"What social supports keep older adults physically active, researcher wants to know . UToday. (2018)",1,both,yes,yes,no
news_8f185e1a5c,mem_0f24dba938,UCalgary receives federal funding for state-of-the-art research equipment,www.ucalgary.ca,2018,http://www.ucalgary.ca/utoday/issue/2018-04-12/,UCalgary receives federal funding for state-of-the-art research equipment . UToday. (2018),0,both,yes,yes,no
news_4f4c646f9a,mem_28292f693f,Healthy Publics,www.theanimalturnpodcast.com,2024,https://www.theanimalturnpodcast.com/s7-multispecies-health/s7e2,Healthy Publics . The Animal Turn. (2024),0,both,yes,yes,no
news_2426ff7c04,mem_6f76ca3c25,Decriminalization,policyoptions.irpp.org,2021,https://policyoptions.irpp.org/magazines/may-2021/conflating-drug-use-and-criminality-is-reinforcing-racism-in-the-courts/,Decriminalization . Policy Options. (2021),0,both,yes,yes,no
news_ce04f99115,mem_6f76ca3c25,"Fatal overdoses often happen when users are alone. Hotlines, sensors, can save lives.",www.washingtonpost.com,2025,https://www.washingtonpost.com/health/2024/10/19/fatal-drug-overdoses-alarms-sensors/,"Fatal overdoses often happen when users are alone. Hotlines, sensors, can save lives. . The Washington Post. (2025)",1,both,yes,yes,no
news_f10c4211ab,mem_6f76ca3c25,National Overdose Response Service,www.theglobeandmail.com,,https://www.theglobeandmail.com/canada/alberta/article-national-drug-overdose-hotline-saves-lives-after-year-in-service-data/,National Overdose Response Service . The Globe and Mail.,2,both,yes,yes,no
news_3b3cb53d69,mem_6f76ca3c25,Canada has a hotline for people who use drugs,www.youtube.com,2025,https://www.youtube.com/watch?v=28WWMTbr6qo,Canada has a hotline for people who use drugs . CBC The National . (2025),3,both,yes,yes,no
news_dbfaa0206e,mem_6f76ca3c25,"As safe drug-consumption sites seem set to dwindle, a phone service steps up to help watch users",www.thestar.com,2024,https://www.thestar.com/news/insight/as-safe-drug-consumption-sites-seem-set-to-dwindle-a-phone-service-steps-up-to/article_0535e7a4-8d88-11ef-8b40-9347788d4590.html,"As safe drug-consumption sites seem set to dwindle, a phone service steps up to help watch users . The Toronto Star. (2024)",4,both,yes,yes,no
news_aa4f49f3ee,mem_6f76ca3c25,Drug Decriminalization Spawns a Political Debacle for Progressives,www.bloomberg.com,2024,https://www.bloomberg.com/news/features/2024-10-18/drug-decriminalization-rewrites-politics-in-bc-canada-before-elections?srnd=phx-industries-health,Drug Decriminalization Spawns a Political Debacle for Progressives . Bloomburg. (2024),5,both,yes,yes,no
news_1f4d57aa66,mem_6f76ca3c25,Digging Deeper. Canada’s Toxic Drug Crisis,open.spotify.com,2024,https://open.spotify.com/episode/0o8ngbzF25WpfUaycq31J9,Digging Deeper. Canada’s Toxic Drug Crisis . The Vassy Kapelos Show CTV Podcast.. (2024),6,both,yes,yes,no
news_61712f26f3,mem_6f76ca3c25,The Secret to Solving Homelessness,www.youtube.com,2024,https://www.youtube.com/watch?v=CkTR5qu_NFY,The Secret to Solving Homelessness . The Ryan Jespersen Show. (2024),7,both,yes,yes,no
news_57455387ce,mem_6f76ca3c25,Every 49 minutes,www.macleans.ca,2021,https://www.macleans.ca/longforms/opioid-crisis-canada/,Every 49 minutes . Maclean's Magazine. (2021),8,both,yes,yes,no
news_e6dd0d89e3,mem_902f442140,Black in Neuroscience,www.sciencerendezvous.ca,,https://www.sciencerendezvous.ca/news/2021/07/26/black-in-neuroscience-spotlight-dr-morris-scantlebury/,Black in Neuroscience .,0,both,yes,yes,no
news_1be2c08e72,mem_902f442140,Visibility and Inclusive Excellence,ucalgary.ca,,https://ucalgary.ca/news/visibility-and-inclusive-excellence-science-faculty-members-win-calgary-black-achievement-awards,Visibility and Inclusive Excellence .,1,both,yes,yes,no
news_0a132c01ff,mem_902f442140,Indigenous Women in Neurosciences at UCalgary,ucalgary.ca,,https://ucalgary.ca/news/postdoctoral-scholar-invites-indigenous-women-seek-out-career-science,Indigenous Women in Neurosciences at UCalgary .,2,both,yes,yes,no
news_0de5f7366f,mem_902f442140,Help for babies with infantile spasms,research4kids.ucalgary.ca,,https://research4kids.ucalgary.ca/news/cihr-project-grant-will-help-team-find-mechanisms-underlying-epilepsy-infants,Help for babies with infantile spasms .,3,both,yes,yes,no
news_6712917dee,mem_cce204cb8c,Opinion Editorials appearing in various news outlets,evidencenetwork.ca,,https://evidencenetwork.ca/?s=nicole+letourneau,Opinion Editorials appearing in various news outlets . Evidence Network.,0,both,yes,yes,no
news_7d7e5f1333,mem_cce204cb8c,Mental Health and Indigenous Child Welfare,ottawacitizen.com,2022,https://ottawacitizen.com/opinion/letourneau-mental-health-is-a-key-component-of-a-new-indigenous-child-welfare-system,Mental Health and Indigenous Child Welfare . Ottawa Citizen. (2022),1,both,yes,yes,no
news_47055ad217,mem_cce204cb8c,COVID-19 and Mental Health Care,www.theglobeandmail.com,2022,https://www.theglobeandmail.com/opinion/article-better-access-to-mental-health-care-may-be-the-silver-lining-of-covid/,COVID-19 and Mental Health Care . Globe and Mail. (2022),2,both,yes,yes,no
news_700810e91c,mem_cce204cb8c,Personalized Medicine,huffpost.netblogpro.com,2017,https://huffpost.netblogpro.com/archive/ca/entry/we-need-to-adjust-our-expectations-for-personalized-medicine_b_10463366,Personalized Medicine . Huff Post. (2017),3,both,yes,yes,no
news_0149e27955,mem_cce204cb8c,Genomic Research Lacks Diversity,www.thestar.com,2022,https://www.thestar.com/opinion/contributors/2022/01/10/genomic-research-lacks-diversity-and-could-mean-a-reduced-quality-of-care-for-patients-of-different-ethnicities.html,Genomic Research Lacks Diversity . Toronto Star. (2022),4,both,yes,yes,no
news_81efd8df84,mem_0f847603bd,New findings in how animals move. UToday. (2024),,2024,,New findings in how animals move. UToday. (2024),0,both,yes,yes,no
news_915a0abd24,mem_79f23a1fd5,#GirlsNeedRoleModels,girlsinscience.ca,,https://girlsinscience.ca/video/,#GirlsNeedRoleModels .,0,both,yes,yes,no
news_e7ad09806b,mem_79f23a1fd5,How Calgary’s Dr. Ranita Manocha Overcame Injuries as an Elite Athlete and Became a Physiatrist,www.avenuecalgary.com,,https://www.avenuecalgary.com/city-life/people/dr-ranita-manocha-physiatrist-calgary/,How Calgary’s Dr. Ranita Manocha Overcame Injuries as an Elite Athlete and Became a Physiatrist .,1,both,yes,yes,no
news_5196055db9,mem_79f23a1fd5,Youth complete health research program amid pandemic restrictions,www.ucalgary.ca,,https://www.ucalgary.ca/news/youth-complete-health-research-program-amid-pandemic-restrictions,Youth complete health research program amid pandemic restrictions .,2,both,yes,yes,no
news_60ffa2f05d,mem_79f23a1fd5,Mobility devices: Not a one-size-fits-all approach,news.ucalgary.ca,,https://news.ucalgary.ca/news/mobility-devices-not-one-size-fits-all-approach,Mobility devices: Not a one-size-fits-all approach .,3,both,yes,yes,no
news_2fee149c4a,mem_79f23a1fd5,One Step at a Time: Physiatrist Focused on Fundamental MSK Research,indd.adobe.com,,https://indd.adobe.com/view/571355c3-ab45-4fca-8c24-fae3c0a7befd,One Step at a Time: Physiatrist Focused on Fundamental MSK Research .,4,both,yes,yes,no
news_247586a58e,mem_79f23a1fd5,Physical Medicine & Rehabilitation Fellow Profile – Ranita Manocha,residentdoctors.ca,,http://residentdoctors.ca/wp-content/uploads/2017/10/Resident-Profile-Physical-Medicine-_-Rehabilitation_RManocha-EN.pdf,Physical Medicine & Rehabilitation Fellow Profile – Ranita Manocha .,5,both,yes,yes,no
news_f88ef280f9,mem_79f23a1fd5,All you ever wanted to know about the elbow with Ranita Manocha,gradcastradio.podbean.com,,http://gradcastradio.podbean.com/e/gradcast-47-all-you-ever-wanted-to-know-about-the-elbow-with-ranita-manocha/,All you ever wanted to know about the elbow with Ranita Manocha .,6,both,yes,yes,no
news_b4971bd6f9,mem_79f23a1fd5,Resident Spotlight: Dr. Ranita Manocha – Devoted to making a difference in her patients’ lives,www.schulich.uwo.ca,,https://www.schulich.uwo.ca/communications/the_pulse/2014/november/resident_spotlight_ranita_manocha__devoted_to_making_a_difference_in_her_patients_lives.html,Resident Spotlight: Dr. Ranita Manocha – Devoted to making a difference in her patients’ lives .,7,both,yes,yes,no
news_f8cc1a2baa,mem_79f23a1fd5,Class of 2021: Taste of research opened many new doors for kinesiology grad.,ucalgary.ca,2021,https://ucalgary.ca/news/class-2021-taste-research-opened-many-new-doors-kinesiology-grad,Class of 2021: Taste of research opened many new doors for kinesiology grad. . (2021),8,both,yes,yes,no
news_ea6bc92011,mem_79f23a1fd5,Interactive app helps prevent injury from incorrect use of walking aids,ucalgary.ca,2022,https://ucalgary.ca/news/interactive-app-helps-prevent-injury-incorrect-use-walking-aids,Interactive app helps prevent injury from incorrect use of walking aids . (2022),9,both,yes,yes,no
news_839ec7f13a,mem_79f23a1fd5,Impact Now: Smartphone App Provides Proper Use Training for Walking Aids,directory.libsyn.com,2022,https://directory.libsyn.com/episode/index/show/now-innovating/id/21471530,Impact Now: Smartphone App Provides Proper Use Training for Walking Aids . (2022),10,both,yes,yes,no
news_e92de2e762,mem_79f23a1fd5,"Embracing the pivot, scholarship winner shifts from medicine to law",news.ucalgary.ca,2022,https://news.ucalgary.ca/news/embracing-pivot-scholarship-winner-shifts-medicine-law,"Embracing the pivot, scholarship winner shifts from medicine to law . (2022)",11,both,yes,yes,no
news_58ba0f371f,mem_79f23a1fd5,Event shares hope for hypermobility patients,cumming.ucalgary.ca,2023,https://cumming.ucalgary.ca/departments/dcns/about/news/event-shares-hope-hypermobility-patients,Event shares hope for hypermobility patients . (2023),12,both,yes,yes,no
news_e9ae614e91,mem_bdcc331ca3,The Brain-Boosting Benefits of Exercise and Cerebral Blood Flow,www.psychologytoday.com,2020,https://www.psychologytoday.com/ca/blog/the-athletes-way/202005/the-brain-boosting-benefits-exercise-and-cerebral-blood-flow,The Brain-Boosting Benefits of Exercise and Cerebral Blood Flow . Psychology Today. (2020),0,both,yes,yes,no
news_9313aa1bee,mem_53e913a810,"Deputy Provost - Dr. Robin Yates, PhD",www.ucalgary.ca,,https://www.ucalgary.ca/provost/provost-team/dean-and-vice-provost-graduate-studies,"Deputy Provost - Dr. Robin Yates, PhD .",0,both,yes,yes,no
news_a685a7291f,mem_544d7ede34,Electrifying new research on the impact of head trauma in career fighters,ucalgary.ca,2021,https://ucalgary.ca/news/electrifying-new-research-impact-head-trauma-career-fighters?mkt_tok=MTYxLU9MTi05OTAAAAF9ckXR6i5-hQVVVNo4p4ltaIMqaIct0jGgp8Kcp4lY4S3Cto19G6iOSEH8GVKjS4Trk30XNdOVWgB8YcM-0DxKPAGEzzrpNpjkpxgGg6Iy9ygVhw,Electrifying new research on the impact of head trauma in career fighters . UToday. (2021),0,both,yes,yes,no
news_acc0c62e8f,mem_544d7ede34,Kinesiology researcher creates new way to assess and track neurological function,ucalgary.ca,2020,https://ucalgary.ca/news/kinesiology-researcher-creates-new-way-assess-and-track-neurological-function,Kinesiology researcher creates new way to assess and track neurological function . UToday. (2020),1,both,yes,yes,no
news_6893a70093,mem_587dff4153,'Let's make it easy for these kids': Calgary doctor connects disabled children with accessible activities,www.cbc.ca,,https://www.cbc.ca/news/canada/calgary/disabled-kids-recreational-activities-more-active-maceachern-1.4069533,'Let's make it easy for these kids': Calgary doctor connects disabled children with accessible activities .,0,both,yes,yes,no
news_f341073917,mem_4f4215a32e,Sayeh Bayat | Top 40 Under 40 2025,www.avenuecalgary.com,2025,https://www.avenuecalgary.com/top-40-under-40/2025/sayeh-bayat/,Sayeh Bayat | Top 40 Under 40 2025 . Avenue Calgary. (2025),0,both,yes,yes,no
news_2a358f91c2,mem_4f4215a32e,Driven to understand: What driving data reveals about dementia,research.sunnybrook.ca,2025,https://research.sunnybrook.ca/2025/09/driven-to-understand-what-driving-data-reveals-about-dementia/,Driven to understand: What driving data reveals about dementia . Sunnybrook Research Institute. (2025),1,both,yes,yes,no
news_0ccb0f7306,mem_4f4215a32e,Calgary researcher hoping to drive change for people with dementia,globalnews.ca,2023,https://globalnews.ca/news/9605455/calgary-researcher-change-dementia/,Calgary researcher hoping to drive change for people with dementia . Global News. (2023),2,both,yes,yes,no
news_a62a7a87db,mem_4f4215a32e,Understanding the relationship between older adults and their environments,agewell-nce.ca,2022,https://agewell-nce.ca/archives/14538,Understanding the relationship between older adults and their environments . AGE-WELL NCE. (2022),3,both,yes,yes,no
news_ae32328c48,mem_4f4215a32e,What Your Driving Says About Your Risk of Dementia,www.telegraph.co.uk,2021,https://www.telegraph.co.uk/health-fitness/conditions/dementia/driving-says-risk-dementia/,What Your Driving Says About Your Risk of Dementia . The Telegraph. (2021),4,both,yes,yes,no
news_ef376c924a,mem_4f4215a32e,Seeking Early Signals of Dementia in Driving and Credit Scores,www.nytimes.com,2021,https://www.nytimes.com/2021/08/23/health/dementia-behavior-alzheimers.html,Seeking Early Signals of Dementia in Driving and Credit Scores . The New York Times. (2021),5,both,yes,yes,no
news_21b1bcfa30,mem_4f4215a32e,How your driving might reveal early signs of Alzheimer's,www.bbc.com,2021,https://www.bbc.com/news/business-57670006,How your driving might reveal early signs of Alzheimer's . BBC News. (2021),6,both,yes,yes,no
news_72f874f5b2,mem_eba13da887,"Association of anxiety and depressive symptoms, disorders and migraine in pediatric patients",www.consultant360.com,2023,https://www.consultant360.com/videos/watch-association-anxiety-and-depressive-symptoms-disorders-and-migraine-pediatric-patients,"Association of anxiety and depressive symptoms, disorders and migraine in pediatric patients . Consultant 360. (2023)",0,both,yes,yes,no
news_ad91344844,mem_eba13da887,The untapped opportunity to better understand migraine in children and adolescents: a podcast with Serena Orr,migrainecollaborative.org,2023,https://migrainecollaborative.org/the-untapped-opportunity-to-better-understand-migraine-in-children-and-adolescents-a-podcast-with-serena-orr,The untapped opportunity to better understand migraine in children and adolescents: a podcast with Serena Orr . Migraine Science Collaborative. (2023),1,both,yes,yes,no
news_0ed469e7c8,mem_eba13da887,"Children with migraine at high risk of comorbid anxiety, depression",www.medscape.com,2022,https://www.medscape.com/viewarticle/976385#vp_1,"Children with migraine at high risk of comorbid anxiety, depression . Medscape. (2022)",2,both,yes,yes,no
news_5b535adb7d,mem_eba13da887,Anxiety and depression in children and adolescents with migraine,www.neurologylive.com,2022,https://www.neurologylive.com/view/anxiety-depression-children-adolescents-migraine-serena-orr,Anxiety and depression in children and adolescents with migraine . Neurology Live. (2022),3,both,yes,yes,no
news_467917739b,mem_eba13da887,"A new prospective study documents a direct relationship between ACEs and migraine, independent of depression or anxiety",www.linkedin.com,2022,https://www.linkedin.com/pulse/adverse-childhood-experiences-increase-/?trackingId=/rSt%2B/Y3RElCMjkY0jGGMw%3D%3D,"A new prospective study documents a direct relationship between ACEs and migraine, independent of depression or anxiety . Migraine Science Collaborative. (2022)",4,both,yes,yes,no
news_b953465e7f,mem_eba13da887,Why isn't my child's migraine treatment plan working?,www.youtube.com,2022,https://www.youtube.com/watch?v=TyKy2bvC7SQ,Why isn't my child's migraine treatment plan working? . American Migraine Foundation. (2022),5,both,yes,yes,no
news_8ce305fab2,mem_eba13da887,Stress and peak pain severity in chronic migraine,touchneurology.com,2021,https://touchneurology.com/headache/conference-hub/serena-orr-ahs-2021-stress-and-peak-pain-severity-in-chronic-migraine/,Stress and peak pain severity in chronic migraine . Touch Neurology. (2021),6,both,yes,yes,no
news_d7e00ebc02,mem_eba13da887,Calgary weather getting to your head? You could blame chinooks,www.cbc.ca,2021,https://www.cbc.ca/news/canada/calgary/calgary-chinooks-migraine-headaches-1.5952386,Calgary weather getting to your head? You could blame chinooks . CBC EyeOpener. (2021),7,both,yes,yes,no
news_d93c71a0c7,mem_eba13da887,The unique demands of childhood migraine,profiles.ucalgary.ca,2020,https://profiles.ucalgary.ca/www.nature.com/articles/d41586-020-02869-2,The unique demands of childhood migraine . Nature Outlook. (2020),8,both,yes,yes,no
news_31782de982,mem_65229f6177,To Play or Not to Play With Your Kid? It shouldn’t be this hard to decide,www.theatlantic.com,2024,https://www.theatlantic.com/family/archive/2024/09/independent-play-advice-is-stressing-parents-out/679706/,To Play or Not to Play With Your Kid? It shouldn’t be this hard to decide . The Atlantic. (2024),0,both,yes,yes,no
news_d8ba6f873f,mem_65229f6177,How to talk to your kids about online sexual extortion,www.cbc.ca,2023,https://www.cbc.ca/listen/live-radio/1-63-the-current/clip/16026548-how-talk-kids-online-sexual-extortion,How to talk to your kids about online sexual extortion . CBC - The Current. (2023),1,both,yes,yes,no
news_c29d2debc7,mem_65229f6177,"Teen mental health support can learn from cancer care in Ontario, psychologist says",www.cbc.ca,2023,https://www.cbc.ca/radio/thecurrent/cancer-care-ontario-teen-mental-health-1.6972977,"Teen mental health support can learn from cancer care in Ontario, psychologist says . CBC - The Current. (2023)",2,both,yes,yes,no
news_9f32b15698,mem_65229f6177,Screen Time and Child Development,podcasts.apple.com,2023,https://podcasts.apple.com/ca/podcast/screen-time-exposure-at-age-1-year-and-developmental/id1091741758?i=1000637450060,Screen Time and Child Development . JAMA Pediatrics Podcast. (2023),3,both,yes,yes,no
news_f523e64fa6,mem_65229f6177,"Children under 2 shouldn’t have any screen time at all, new doctor guidelines recommend",www.theglobeandmail.com,2022,https://www.theglobeandmail.com/canada/article-kids-under-2-screen-time/,"Children under 2 shouldn’t have any screen time at all, new doctor guidelines recommend . The Globe and Mail. (2022)",4,both,yes,yes,no
news_2881d0b39c,mem_65229f6177,Screens vs Kids,www.cbc.ca,2020,https://www.cbc.ca/natureofthings/episodes/kids-vs-screens,Screens vs Kids . The Nature of Things . (2020),5,both,yes,yes,no
news_9060ec00e2,mem_65229f6177,"Youth depression and anxiety doubled during the pandemic, new analysis finds",www.cnn.com,2021,https://www.cnn.com/2021/08/10/health/covid-child-teen-depression-anxiety-wellness/index.html,"Youth depression and anxiety doubled during the pandemic, new analysis finds . CNN. (2021)",6,both,yes,yes,no
news_8b3422e0c2,mem_65229f6177,"Pandemic’s toll on mental health of mothers exceeds fears of researchers, Lancet study finds",www.theglobeandmail.com,2021,https://www.theglobeandmail.com/amp/canada/article-pandemics-toll-on-mental-health-of-mothers-exceeds-fears-of/,"Pandemic’s toll on mental health of mothers exceeds fears of researchers, Lancet study finds . The Globe and Mail. (2021)",7,both,yes,yes,no
news_9d09d944e8,mem_65229f6177,How will babies born during the pandemic meet the world?,podcasts.apple.com,2020,https://podcasts.apple.com/us/podcast/how-will-babies-born-during-the-pandemic-meet-the-world/id1399721065?i=1000521064736,How will babies born during the pandemic meet the world? . The Big Story Podcast . (2020),8,both,yes,yes,no
news_d5c1308d1d,mem_65229f6177,Study links high levels of screen time to slower child development,www.theguardian.com,2019,https://www.theguardian.com/society/2019/jan/28/study-links-high-levels-of-screen-time-to-slower-child-development,Study links high levels of screen time to slower child development . The Guardian. (2019),9,both,yes,yes,no
news_0740b22638,mem_65229f6177,Teenagers Are Sexting — Now What?,www.nytimes.com,2019,https://www.nytimes.com/2018/03/12/well/family/teens-are-sexting-now-what.html,Teenagers Are Sexting — Now What? . The New York Times. (2019),10,both,yes,yes,no
news_d5adc88538,mem_65229f6177,The Minefield of Talking With Your Children About Sexting,www.wsj.com,2018,https://www.wsj.com/articles/the-minefield-of-talking-with-your-children-about-sexting-1540047600,The Minefield of Talking With Your Children About Sexting . The Wall Street Journal. (2018),11,both,yes,yes,no
news_36902b3d37,mem_65229f6177,Sexting Among Teens is on the Rise,abcnews.go.com,2018,http://abcnews.go.com/GMA/Family/video/sexting-teens-rise-study-53383161,Sexting Among Teens is on the Rise . ABC’s Good Morning America . (2018),12,both,yes,yes,no
news_ed927bff95,mem_65229f6177,Too Much Screen Time Can Have Lasting Consequences for Young Children’s Brains,time.com,2018,http://time.com/5514539/screen-time-children-brain/,Too Much Screen Time Can Have Lasting Consequences for Young Children’s Brains . Time. (2018),13,both,yes,yes,no
news_b990841f26,mem_65229f6177,Brothers And Sisters Teach Each Other About Empathy From A Young Age,www.huffingtonpost.co.uk,2018,https://www.huffingtonpost.co.uk/entry/siblings-impact-child-developmentempathy_uk_5a8ade9ce4b05c2bcacd8abd?guccounter=1&guce_referrer_us=aHR0cHM6Ly9uZXdzLmdvb2dsZS5jb20v&guce_referrer_cs=aX3HqaVxvSKJXbWe1ymUeA,Brothers And Sisters Teach Each Other About Empathy From A Young Age . HuffPost. (2018),14,both,yes,yes,no
news_e492be80b4,mem_65229f6177,Here’s How Many Young People Are Seeing Unwanted Sexual Content Online,time.com,2018,http://time.com/5308162/unwanted-online-sex-content/,Here’s How Many Young People Are Seeing Unwanted Sexual Content Online . Time. (2018),15,both,yes,yes,no
news_7fa0230a52,mem_da080c48f2,South Health Campus Arts for Wellness concert series,www.alberta.ca,,https://www.alberta.ca/release.cfm?xID=91061DB36AF12-DCE9-A7F5-114E6DBB604D0C99,South Health Campus Arts for Wellness concert series .,0,both,yes,yes,no
news_e1ee673418,mem_da080c48f2,Music Therapy in the Calgary Zone compilation,www.youtube.com,,https://www.youtube.com/playlist?list=PLl3affNYcxwcjnU0YsGjzd1M5fHkt-4DW,Music Therapy in the Calgary Zone compilation .,1,both,yes,yes,no
news_9f8280dab9,mem_da080c48f2,Hospital's music therapy program becomes lifeline for patients/CBC News,www.cbc.ca,,https://www.cbc.ca/news/canada/calgary/hospital-patient-music-therapy-1.5896426,Hospital's music therapy program becomes lifeline for patients/CBC News .,2,both,yes,yes,no
news_1bb36c06a1,mem_da080c48f2,"South Health Campus year round music and wellness series supported by Ministry of Arts, Culture and the Status of Women",livewirecalgary.com,,https://livewirecalgary.com/2024/09/26/south-health-campus-music-pilot-becomes-a-full-time-year-round-program/#google_vignette,"South Health Campus year round music and wellness series supported by Ministry of Arts, Culture and the Status of Women .",3,both,yes,yes,no
news_72584da2aa,mem_61578b7504,"One year in, The Summit transforms mental health care for youth in Calgary",ucalgary.ca,2024,https://ucalgary.ca/news/one-year-summit-transforms-mental-health-care-youth-calgary,"One year in, The Summit transforms mental health care for youth in Calgary . UCalgary News. (2024)",0,both,yes,yes,no
news_ca787b2cd6,mem_61578b7504,Little Red Reading House now part of University of Calgary,ucalgary.ca,2023,https://ucalgary.ca/news/little-red-reading-house-now-part-university-calgary,Little Red Reading House now part of University of Calgary . UCalgary News. (2023),1,both,yes,yes,no
news_78ca47bf17,mem_61578b7504,Caregivers can help build children’s emerging language skills,halifax.citynews.ca,2022,https://halifax.citynews.ca/2022/09/11/caregivers-can-help-build-childrens-emerging-language-skills-5799195/,Caregivers can help build children’s emerging language skills . Halifax City News. (2022),2,both,yes,yes,no
news_3c27774b93,mem_61578b7504,How caregivers can help build children’s emerging language skills,theconversation.com,2022,https://theconversation.com/how-caregivers-can-help-build-childrens-emerging-language-skills-186456,How caregivers can help build children’s emerging language skills . The Conversation. (2022),3,both,yes,yes,no
news_fac2642f68,mem_61578b7504,Susan Graham named Scientific Director of the Azrieli Accelerator,arts.ucalgary.ca,2022,https://arts.ucalgary.ca/news/susan-graham-named-scientific-director-azrieli-accelerator,Susan Graham named Scientific Director of the Azrieli Accelerator . UCalgary News. (2022),4,both,yes,yes,no
news_2667bc75f4,mem_61578b7504,Parents play a key role in fostering children’s love of reading,theconversation.com,2019,https://theconversation.com/parents-play-a-key-role-in-fostering-childrens-love-of-reading-121089,Parents play a key role in fostering children’s love of reading . UCalgary News. (2019),5,both,yes,yes,no
news_25fc0d0baa,mem_38fab37327,UCalgary researchers develop shared physician-patient decision-making tool,ucalgary.ca,2023,https://ucalgary.ca/news/ucalgary-researchers-develop-shared-physician-patient-decision-making-tool,UCalgary researchers develop shared physician-patient decision-making tool . University of Calgary . (2023),0,both,yes,yes,no
news_7c456dd076,mem_38fab37327,U of C professor advancing patient-centred management of heart disease,thegauntlet.ca,2023,https://thegauntlet.ca/2023/06/21/u-of-c-professor-advancing-patient-centred-management-of-heart-disease/,U of C professor advancing patient-centred management of heart disease . Gauntlet. (2023),1,both,yes,yes,no
news_029055d48d,mem_e29ecf6f48,Seniors and Homelessness - Trinity Place Foundation Newsletter. (2019),,2019,,Seniors and Homelessness - Trinity Place Foundation Newsletter. (2019),0,both,yes,yes,no
news_44edaeda36,mem_afba364ee4,"Work, Women and Caregiving",newoldage.blogs.nytimes.com,2013,http://newoldage.blogs.nytimes.com/2013/11/21/work-women-and-caregiving,"Work, Women and Caregiving . The New York Times. (2013)",0,both,yes,yes,no
news_3d1f4b6fa2,mem_afba364ee4,Financial 'vicious cycle' traps poor women caregivers,www.reuters.com,2014,https://www.reuters.com/article/us-women-caregivers-idUSBREA252BG20140306,Financial 'vicious cycle' traps poor women caregivers . Reuters Health. (2014),1,both,yes,yes,no
news_e7b669e3b4,mem_4435cc366f,New research seeks to enhance palliative and end-of-life care,cumming.ucalgary.ca,,https://cumming.ucalgary.ca/news/new-research-seeks-enhance-palliative-and-end-life-care,New research seeks to enhance palliative and end-of-life care .,0,both,yes,yes,no
news_69e435a952,mem_4435cc366f,Effective Strategies for Managing Anxiety,www.brainandlife.org,,https://www.brainandlife.org/articles/effective-strategies-managing-anxiety,Effective Strategies for Managing Anxiety .,1,both,yes,yes,no
news_c71707fa2c,mem_4435cc366f,U of C research projects chosen to strengthen pandemic preparedness in long-term care homes,www.cbc.ca,,https://www.cbc.ca/news/canada/calgary/university-calgary-research-projects-pandemic-preparedness-longterm-care-homes-1.5853631,U of C research projects chosen to strengthen pandemic preparedness in long-term care homes .,2,both,yes,yes,no
news_9cdd35bc78,mem_4435cc366f,Top 40 Under 40 2021,www.avenuecalgary.com,2021,https://www.avenuecalgary.com/top-40-under-40/2021/,Top 40 Under 40 2021 . https://www.avenuecalgary.com/top-40-under-40/2021/zahra-goodarzi/.,3,both,yes,yes,no
news_745893273c,mem_4435cc366f,Canadian Frailty Network Summer Student Work,www.cfn-nce.ca,,https://www.cfn-nce.ca/bio/zahra-goodarzi/,Canadian Frailty Network Summer Student Work .,4,both,yes,yes,no
news_4e5b27ac48,mem_4435cc366f,Dr. Zahra Goodarzi: Exploring depression telemedicine interventions for older adults,cihr-irsc.gc.ca,,https://cihr-irsc.gc.ca/e/52492.html,Dr. Zahra Goodarzi: Exploring depression telemedicine interventions for older adults .,5,both,yes,yes,no
news_974ddbe088,mem_4435cc366f,How can we best help older adults with depression via remote treatment?,brainxchange.ca,,https://brainxchange.ca/Public/Events/Archived-Webinars-Events/2020/How-can-we-best-help-older-adults-with-depression,How can we best help older adults with depression via remote treatment? .,6,both,yes,yes,no
